{"cameraMode":{"drawMode":0,"name":"Shaded","section":"Shading Mode"},"sceneLighting":false,"audioPlay":false,"sceneViewState":{"showFog":true,"showMaterialUpdate":false,"showSkybox":false,"showFlares":true,"showImageEffects":true,"showParticleSystems":true},"in2DMode":false,"pivot":{"x":-15.16718864440918,"y":1.4976015090942383,"z":-2.9298009872436525},"rotation":{"x":0.20906145870685578,"y":-0.18323837220668794,"z":0.04187862202525139,"w":0.959904670715332},"size":0.285217821598053,"orthographic":false}