{"cameraMode":{"drawMode":0,"name":"Shaded","section":"Shading Mode"},"sceneLighting":false,"audioPlay":false,"sceneViewState":{"showFog":true,"showMaterialUpdate":false,"showSkybox":false,"showFlares":true,"showImageEffects":true,"showParticleSystems":true},"in2DMode":false,"pivot":{"x":0.7813458442687988,"y":-2.8448197841644289,"z":-5.661525249481201},"rotation":{"x":0.4609655439853668,"y":-0.062484413385391238,"z":0.03262713551521301,"w":0.8847754597663879},"size":1.0044947862625123,"orthographic":false}