{"cameraMode":{"drawMode":0,"name":"Shaded","section":"Shading Mode"},"sceneLighting":false,"audioPlay":false,"sceneViewState":{"showFog":true,"showMaterialUpdate":false,"showSkybox":false,"showFlares":true,"showImageEffects":true,"showParticleSystems":true},"in2DMode":false,"pivot":{"x":326.7373046875,"y":378.8498840332031,"z":-95.41317749023438},"rotation":{"x":-0.011756452731788159,"y":-0.21146388351917268,"z":-0.0009632743312977254,"w":0.977536141872406},"size":81.39410400390625,"orthographic":false}